BEGIN TRANSACTION;
CREATE TABLE "projectparticipants" ("id" INTEGER PRIMARY KEY AUTOINCREMENT NOT NULL, "created_at" datetime NOT NULL, "updated_at" datetime NOT NULL, "project_id" numeric, "user_id" numeric);
INSERT INTO `projectparticipants` VALUES(34,'2013-09-18 00:51:15.624142','2013-09-18 00:51:15.624142',51,7);
INSERT INTO `projectparticipants` VALUES(36,'2013-09-18 00:54:04.677811','2013-09-18 00:54:04.677811',54,5);
INSERT INTO `projectparticipants` VALUES(37,'2013-09-18 00:58:11.219912','2013-09-18 00:58:11.219912',54,4);
INSERT INTO `projectparticipants` VALUES(39,'2013-09-18 03:06:41.678367','2013-09-18 03:06:41.678367',51,9);
INSERT INTO `projectparticipants` VALUES(42,'2013-10-04 21:21:37.189127','2013-10-04 21:21:37.189127',70,9);
INSERT INTO `projectparticipants` VALUES(43,'2013-10-04 21:27:54.468706','2013-10-04 21:27:54.468706',71,9);
INSERT INTO `projectparticipants` VALUES(44,'2013-10-30 00:34:31.628890','2013-10-30 00:34:31.628890',72,5);
INSERT INTO `projectparticipants` VALUES(45,'2014-05-13 00:39:57.488501','2014-05-13 00:39:57.488501',72,24);
INSERT INTO `projectparticipants` VALUES(46,'2014-05-14 13:16:33.195855','2014-05-14 13:16:33.195855',72,25);
INSERT INTO `projectparticipants` VALUES(47,'2014-05-29 00:22:15.955689','2014-05-29 00:22:15.955689',72,4);
CREATE TABLE "tags" ("id" INTEGER PRIMARY KEY AUTOINCREMENT NOT NULL, "tagid" integer, "obs" varchar(255), "start" integer, "finish" integer, "created_at" datetime NOT NULL, "updated_at" datetime NOT NULL, "project_id" integer, "user_id" integer);
INSERT INTO `tags` VALUES(22,1,'15 segundos n entendi o que houve',0,15,'2013-08-28 07:27:28.562780','2013-08-28 07:27:28.562780',15,4);
INSERT INTO `tags` VALUES(41,1,'Começo da musica',12,16,'2013-08-29 00:16:50.867075','2013-08-29 00:16:50.867075',19,4);
INSERT INTO `tags` VALUES(43,1,000,0,0,'2013-08-29 00:20:02.463033','2013-08-29 00:20:02.463033',19,4);
INSERT INTO `tags` VALUES(46,1,'Avaliação tag dos 12 aos 17, o que houve?',12,17,'2013-08-29 01:00:08.416646','2013-08-29 01:00:08.416646',19,4);
INSERT INTO `tags` VALUES(51,1,'Não mais 33',0,6,'2013-08-31 16:13:35.990979','2013-09-07 19:20:10.104574',23,4);
INSERT INTO `tags` VALUES(52,1,'Eiu sou o user 4',0,25,'2013-08-31 16:43:08.107338','2013-08-31 16:43:08.107338',23,4);
INSERT INTO `tags` VALUES(60,1,'Observação nova!',10,12,'2013-08-31 20:12:33.007010','2013-09-07 19:21:23.669782',23,5);
INSERT INTO `tags` VALUES(61,7,'Tag do Ciclano o Fulano nao deleta',50,52,'2013-08-31 20:57:05.362860','2013-08-31 20:57:05.362860',27,7);
INSERT INTO `tags` VALUES(62,5,'Tela azul ja?',2,12,'2013-08-31 21:13:35.593498','2013-08-31 21:13:35.593498',23,5);
INSERT INTO `tags` VALUES(63,1,'My Tag Creation',5,45,'2013-08-31 21:49:06.618385','2013-08-31 21:49:06.618385',23,5);
INSERT INTO `tags` VALUES(64,1,'Tela azul',2,12,'2013-08-31 21:59:14.709166','2013-08-31 21:59:14.709166',23,5);
INSERT INTO `tags` VALUES(65,1,'Tela azul tag add',4,8,'2013-08-31 22:05:44.063436','2013-08-31 22:05:44.063436',23,5);
INSERT INTO `tags` VALUES(66,7,'que que eu faço?',18,20,'2013-09-01 16:40:14.400515','2013-09-01 16:40:14.400515',38,4);
INSERT INTO `tags` VALUES(67,1,'Tela azul',9,14,'2013-09-02 21:19:37.767292','2013-09-02 21:19:37.767292',40,4);
INSERT INTO `tags` VALUES(73,3,'A ferramenta permite a adição de outros formatos de vídeo porém não os exibirá corretamente.',48,53,'2013-09-14 18:36:09.075550','2013-09-16 21:38:19.241668',51,4);
INSERT INTO `tags` VALUES(74,5,'Pedido duplo de confirmação para exclusão desnecessário.',155,158,'2013-09-14 18:45:55.613098','2013-09-14 18:45:55.613098',51,4);
INSERT INTO `tags` VALUES(76,1,'Tag do Vinicius',36,36,'2013-09-18 00:53:45.575718','2013-09-18 00:53:45.575718',54,4);
INSERT INTO `tags` VALUES(77,1,'Tag do Fulano',1,2,'2013-09-18 00:56:17.522409','2013-09-18 00:56:17.522409',54,5);
INSERT INTO `tags` VALUES(78,1,'Videos em formatos nao suportados e com mais de 30mb nao são mais aceitos!',48,53,'2013-09-18 02:49:43.622138','2013-09-18 03:21:46.125099',51,7);
INSERT INTO `tags` VALUES(81,2,'Busca ajuda no suporte do Windows',240,300,'2013-09-19 19:24:10.873949','2013-09-19 19:24:10.873949',62,15);
INSERT INTO `tags` VALUES(83,4,'Fica procurando a opção desejada em todos os menus.',2,33,'2013-09-19 19:26:21.404415','2013-09-19 19:26:21.404415',62,15);
INSERT INTO `tags` VALUES(84,4,'Não está achando a opção que deseja',0,32,'2013-09-19 19:28:04.219296','2013-09-19 19:28:04.219296',65,23);
INSERT INTO `tags` VALUES(85,1,'O usuário esta buscando poder inserir data em um cabeçalho',800,812,'2013-09-19 19:28:38.892279','2013-09-19 19:44:48.296726',57,17);
INSERT INTO `tags` VALUES(86,9,'Clica nas ações e percebe que não é aquele o caminho desejado.',83,108,'2013-09-19 19:30:30.601669','2013-09-19 19:30:30.601669',62,15);
INSERT INTO `tags` VALUES(87,2,'Acessou central de ajuda',235,298,'2013-09-19 19:30:37.114041','2013-09-19 19:30:37.114041',63,14);
INSERT INTO `tags` VALUES(89,1,'O utilizador não entendeu porque ele não encontrou nenhum rodapé e o sistema não deixa claro que a função localizar é apenas para palavras.',191,211,'2013-09-19 19:31:21.410575','2013-09-19 19:31:21.410575',57,17);
INSERT INTO `tags` VALUES(91,2,'O utilizado busca ajuda para saber como colocar o cabeçalho e a data.',231,277,'2013-09-19 19:33:52.363209','2013-09-19 19:33:52.363209',57,17);
INSERT INTO `tags` VALUES(92,9,'Acessou opção errada',32,45,'2013-09-19 19:34:18.830722','2013-09-19 19:34:18.830722',65,23);
INSERT INTO `tags` VALUES(93,3,'Tenta fazer o processo de inserir o cabeçalho várias vezes e não tem sucesso. ',311,518,'2013-09-19 19:35:28.829726','2013-09-19 19:35:28.829726',62,15);
INSERT INTO `tags` VALUES(95,3,'O utilizador não entende porque o cabeçalho não funciona',422,493,'2013-09-19 19:36:43.508998','2013-09-19 19:36:43.508998',57,17);
INSERT INTO `tags` VALUES(96,1,'Fez uma ação e não teve feedback',425,425,'2013-09-19 19:36:47.125204','2013-09-19 19:36:47.125204',63,14);
INSERT INTO `tags` VALUES(97,2,'O utilizador busca saber porque o cabeçalho não esta sendo inserido da forma que ele deseja.',529,608,'2013-09-19 19:38:31.216158','2013-09-19 19:38:31.216158',57,17);
INSERT INTO `tags` VALUES(98,4,'Passar o mouse sobre o icone de play ',0,0,'2013-09-19 19:38:50.686272','2013-09-19 19:38:50.686272',63,14);
INSERT INTO `tags` VALUES(99,4,'Fica procurando algo',0,34,'2013-09-19 19:39:10.395399','2013-09-19 19:39:10.395399',66,19);
INSERT INTO `tags` VALUES(101,4,'Até os 5 primeiros minutos o usuário ainda não encontrou o elemento na interface responsável por inserir cabeçalho e rodapé',0,304,'2013-09-19 19:40:26.161733','2013-09-19 19:45:15.523283',58,16);
INSERT INTO `tags` VALUES(102,12,'Faz o cabeçalho desejado manualmente depois de não ter conseguido utilizar a ferramenta própria do Bloco de Notas,.',858,916,'2013-09-19 19:40:40.750567','2013-09-19 19:40:40.750567',62,15);
INSERT INTO `tags` VALUES(103,2,'Pedir ajuda do sistema!',240,298,'2013-09-19 19:40:52.143219','2013-09-19 19:40:52.143219',65,23);
INSERT INTO `tags` VALUES(104,9,'Adicionou algo que não era o que desejava e desfaz o que fez',34,42,'2013-09-19 19:40:52.986267','2013-09-19 19:40:52.986267',66,19);
INSERT INTO `tags` VALUES(105,7,'',1,30,'2013-09-19 19:41:21.958924','2013-09-19 19:41:21.958924',60,18);
INSERT INTO `tags` VALUES(106,9,'',32,42,'2013-09-19 19:43:02.096652','2013-09-19 19:43:02.096652',60,18);
INSERT INTO `tags` VALUES(107,8,'Usuário tenta identificar as opções presentes nos menus',15,31,'2013-09-19 19:43:18.300578','2013-09-19 19:43:18.300578',61,22);
INSERT INTO `tags` VALUES(108,6,'Longo tempo de inatividade',738,738,'2013-09-19 19:43:24.173914','2013-09-19 19:43:24.173914',63,14);
INSERT INTO `tags` VALUES(109,11,'O utilizador decide realizar a tarefa de cabeçalhos de outra forma.',769,869,'2013-09-19 19:43:58.343869','2013-09-19 19:43:58.343869',57,17);
INSERT INTO `tags` VALUES(110,2,'Vai procurar ajuda',65,75,'2013-09-19 19:44:19.582083','2013-09-19 19:44:19.582083',66,19);
INSERT INTO `tags` VALUES(111,9,'Usuário desfaz ação de adicionar data e hora',36,45,'2013-09-19 19:45:19.624518','2013-09-19 19:47:02.032375',61,22);
INSERT INTO `tags` VALUES(112,7,'',47,84,'2013-09-19 19:45:21.086601','2013-09-19 19:45:21.086601',60,18);
INSERT INTO `tags` VALUES(113,1,544343,0,0,'2013-09-19 19:45:39.369647','2013-09-19 19:45:39.369647',67,21);
INSERT INTO `tags` VALUES(115,2,'muito bom',78,43,'2013-09-19 19:46:37.207955','2013-09-19 19:46:37.207955',67,21);
INSERT INTO `tags` VALUES(116,4,'',6,25,'2013-09-19 19:46:49.916682','2013-09-19 19:46:49.916682',59,20);
INSERT INTO `tags` VALUES(117,9,'',81,107,'2013-09-19 19:47:13.251017','2013-09-19 19:47:13.251017',60,18);
INSERT INTO `tags` VALUES(118,12,'Usuário desiste da ação',918,918,'2013-09-19 19:48:32.147529','2013-09-19 19:48:32.147529',63,14);
INSERT INTO `tags` VALUES(119,7,'Não vê efeito e acha que precisa ser feito mais alguma coisa',412,761,'2013-09-19 19:48:51.080612','2013-09-19 19:48:51.080612',65,23);
INSERT INTO `tags` VALUES(120,4,'Usuário vaga pela interface sem achar respostas',48,65,'2013-09-19 19:50:34.628535','2013-09-19 19:50:34.628535',61,22);
INSERT INTO `tags` VALUES(121,11,'Prefere fazer do seu jeito e não pelo sistema',768,918,'2013-09-19 19:50:44.591105','2013-09-19 19:50:44.591105',65,23);
INSERT INTO `tags` VALUES(122,3,'Tenta várias vezes a mesma ação sem feedback do sistema o que deixa o usuário em dúvida',419,501,'2013-09-19 19:52:18.684487','2013-09-19 19:52:18.684487',58,16);
INSERT INTO `tags` VALUES(123,2,'Usuário busca ajuda através do material de apoio do programa',64,69,'2013-09-19 19:52:22.414700','2013-09-19 19:52:22.414700',61,22);
INSERT INTO `tags` VALUES(124,7,'Não temos elementos suficientes para entender o motivo do usuário ter saído da avaliação e passeado pelo desktop.',114,166,'2013-09-19 19:52:36.042479','2013-09-19 19:52:36.042479',60,18);
INSERT INTO `tags` VALUES(126,9,'',32,42,'2013-09-19 19:54:07.475709','2013-09-19 19:54:07.475709',59,20);
INSERT INTO `tags` VALUES(127,9,'',168,177,'2013-09-19 19:54:20.751468','2013-09-19 19:54:20.751468',60,18);
INSERT INTO `tags` VALUES(128,11,'Coloca o cabeçalho manualmente',803,906,'2013-09-19 19:55:19.124807','2013-09-19 19:55:19.124807',58,16);
INSERT INTO `tags` VALUES(129,9,'',191,222,'2013-09-19 19:56:33.989089','2013-09-19 19:56:33.989089',60,18);
INSERT INTO `tags` VALUES(130,4,'',48,65,'2013-09-19 19:56:35.964202','2013-09-19 19:56:35.964202',59,20);
INSERT INTO `tags` VALUES(131,13,'Usuário se contenta com a inserção manual do cabeçalho',909,918,'2013-09-19 19:56:46.714817','2013-09-19 19:56:46.714817',58,16);
INSERT INTO `tags` VALUES(132,7,'Usuário não sabe como resolver o problema proposto',74,188,'2013-09-19 19:58:04.097243','2013-09-19 19:58:04.097243',61,22);
INSERT INTO `tags` VALUES(133,2,'',240,303,'2013-09-19 19:58:07.228422','2013-09-19 19:58:07.228422',60,18);
INSERT INTO `tags` VALUES(134,2,'',66,69,'2013-09-19 19:58:24.104387','2013-09-19 19:58:24.104387',59,20);
INSERT INTO `tags` VALUES(135,9,'',86,86,'2013-09-19 20:00:17.857894','2013-09-19 20:00:17.857894',59,20);
INSERT INTO `tags` VALUES(137,6,'Usuário utiliza ferramenta de maneira inapropriada para seus propósitos',187,209,'2013-09-19 20:01:34.669287','2013-09-19 20:01:34.669287',61,22);
INSERT INTO `tags` VALUES(138,4,'',75,85,'2013-09-19 20:02:49.220551','2013-09-19 20:02:49.220551',59,20);
INSERT INTO `tags` VALUES(139,2,'',531,620,'2013-09-19 20:03:46.774843','2013-09-19 20:03:46.774843',60,18);
INSERT INTO `tags` VALUES(140,8,'Usuário espera por descrição da ferramenta',221,222,'2013-09-19 20:03:50.003028','2013-09-19 20:03:50.003028',61,22);
INSERT INTO `tags` VALUES(143,2,'Usuário recorre novamente ao material de auxílio do programa, dessa vez achando o que procura',226,297,'2013-09-19 20:06:44.493008','2013-09-19 20:06:44.493008',61,22);
INSERT INTO `tags` VALUES(144,5,'',188,218,'2013-09-19 20:11:47.971366','2013-09-19 20:11:47.971366',59,20);
INSERT INTO `tags` VALUES(145,3,'Usuário repete a ação uma vez que ela não tem efeito aparente',411,516,'2013-09-19 20:14:19.449030','2013-09-19 20:14:19.449030',61,22);
INSERT INTO `tags` VALUES(146,2,'',229,229,'2013-09-19 20:14:52.423916','2013-09-19 20:14:52.423916',59,20);
INSERT INTO `tags` VALUES(147,1,'',237,237,'2013-09-19 20:16:11.052413','2013-09-19 20:23:31.809623',59,20);
INSERT INTO `tags` VALUES(148,2,'Usuário não consegue resolver o problema e busca mais uma vez por ajuda',524,617,'2013-09-19 20:19:01.461160','2013-09-19 20:19:01.461160',61,22);
INSERT INTO `tags` VALUES(149,3,'',441,441,'2013-09-19 20:22:29.755074','2013-09-19 20:22:29.755074',59,20);
INSERT INTO `tags` VALUES(150,3,'',616,705,'2013-09-19 20:23:02.793964','2013-09-19 20:23:02.793964',61,22);
INSERT INTO `tags` VALUES(151,7,'',710,799,'2013-09-19 20:26:24.746515','2013-09-19 20:26:24.746515',61,22);
INSERT INTO `tags` VALUES(152,2,'',525,616,'2013-09-19 20:26:36.685197','2013-09-19 20:27:29.104196',59,20);
INSERT INTO `tags` VALUES(153,11,'Usuário realiza a tarefa de outro modo',798,918,'2013-09-19 20:29:30.924163','2013-09-19 20:29:30.924163',61,22);
INSERT INTO `tags` VALUES(154,1,'Nao conseguiu achar.',5,6,'2013-09-19 20:41:07.194988','2013-09-19 20:41:07.194988',51,4);
INSERT INTO `tags` VALUES(326,4,'Usuário não encontrou o que precisava.',0,14,'2013-10-04 21:21:06.994400','2013-10-04 21:21:06.994400',70,4);
INSERT INTO `tags` VALUES(327,1,'Usuário não encontrou a função que precisava.',2,14,'2013-10-04 21:27:34.692575','2013-10-04 21:27:34.692575',71,4);
INSERT INTO `tags` VALUES(328,1,'Minha Tag (Vinicius)',0,1,'2013-10-30 00:34:18.593144','2014-05-14 18:06:56.154391',72,4);
INSERT INTO `tags` VALUES(331,1,'Terceira Tag Vini',4,5,'2013-10-30 00:46:05.336568','2013-10-30 00:46:05.336568',72,4);
INSERT INTO `tags` VALUES(337,1,'Test',0,0,'2014-03-15 17:36:48.762001','2014-03-15 17:36:48.762001',72,4);
INSERT INTO `tags` VALUES(338,4,'Não achou função desejada.',16,34,'2014-03-15 17:40:41.039287','2014-03-15 17:40:41.039287',72,4);
INSERT INTO `tags` VALUES(340,1,22,11,11,'2014-03-15 19:31:43.936383','2014-03-15 19:31:43.936383',72,4);
INSERT INTO `tags` VALUES(341,6,'no',71,74,'2014-05-13 00:41:47.527795','2014-05-13 00:41:47.527795',72,24);
INSERT INTO `tags` VALUES(342,4,'ffff',107,109,'2014-05-13 00:42:16.506452','2014-05-13 00:42:16.506452',72,24);
INSERT INTO `tags` VALUES(343,4,'Usuario nao encontrou o que precisava',0,17,'2014-05-29 00:20:54.934055','2014-05-29 00:21:21.583579',72,4);
CREATE TABLE "data_files" ("id" INTEGER PRIMARY KEY AUTOINCREMENT NOT NULL, "created_at" datetime NOT NULL, "updated_at" datetime NOT NULL);
CREATE TABLE "users_roles" ("user_id" integer, "role_id" integer);
INSERT INTO `users_roles` VALUES(1,2);
INSERT INTO `users_roles` VALUES(3,2);
INSERT INTO `users_roles` VALUES(1,1);
INSERT INTO `users_roles` VALUES(2,2);
INSERT INTO `users_roles` VALUES(4,2);
INSERT INTO `users_roles` VALUES(5,2);
INSERT INTO `users_roles` VALUES(6,2);
INSERT INTO `users_roles` VALUES(7,2);
INSERT INTO `users_roles` VALUES(4,1);
INSERT INTO `users_roles` VALUES(8,2);
INSERT INTO `users_roles` VALUES(9,1);
INSERT INTO `users_roles` VALUES(14,2);
INSERT INTO `users_roles` VALUES(15,2);
INSERT INTO `users_roles` VALUES(16,2);
INSERT INTO `users_roles` VALUES(17,2);
INSERT INTO `users_roles` VALUES(18,2);
INSERT INTO `users_roles` VALUES(19,2);
INSERT INTO `users_roles` VALUES(20,2);
INSERT INTO `users_roles` VALUES(21,2);
INSERT INTO `users_roles` VALUES(22,2);
INSERT INTO `users_roles` VALUES(23,2);
INSERT INTO `users_roles` VALUES(24,2);
INSERT INTO `users_roles` VALUES(25,2);
CREATE TABLE "users" ("id" INTEGER PRIMARY KEY AUTOINCREMENT NOT NULL, "email" varchar(255) DEFAULT '' NOT NULL, "encrypted_password" varchar(255) DEFAULT '' NOT NULL, "reset_password_token" varchar(255), "reset_password_sent_at" datetime, "remember_created_at" datetime, "sign_in_count" integer DEFAULT 0, "current_sign_in_at" datetime, "last_sign_in_at" datetime, "current_sign_in_ip" varchar(255), "last_sign_in_ip" varchar(255), "created_at" datetime NOT NULL, "updated_at" datetime NOT NULL, "name" varchar(255), "avatar_file_name" varchar(255), "avatar_content_type" varchar(255), "avatar_file_size" integer, "avatar_updated_at" datetime, "avatar" attachment, "college" varchar(255), "function" varchar(255), "course" varchar(255));
INSERT INTO `users` VALUES(1,'admin@tagit.com','$2a$10$HSMUI.164Y4uHcNs2bKwvu6dqgGQNd3HnbkhrGrziYFZYl5bH5AFS','','','',1,'2013-06-19 22:51:10.469094','2013-06-19 22:51:10.469094','127.0.0.1','127.0.0.1','2013-06-19 22:44:25.130910','2013-06-19 22:51:10.483095','Admin User','','','','','','','','');
INSERT INTO `users` VALUES(2,'vip@tagit.com','$2a$10$o6gqkP7RWijLaxXE.XUfHOm6zfpUEN6gyUesftCgweny1UEJL9whC','','','',0,'','','','','2013-06-19 22:44:25.853951','2013-06-19 22:44:25.853951','VIP User','','','','','','','','');
INSERT INTO `users` VALUES(3,'user@tagit.com','$2a$10$IOKA7xOCETQfEifIqudEzedmQVwyiYf4UVBp5jo8.Q.F58aZVQ5z.','','','',1,'2013-06-19 22:52:40.798260','2013-06-19 22:52:40.798260','127.0.0.1','127.0.0.1','2013-06-19 22:44:26.350980','2013-06-19 22:52:40.801261','Simple User','','','','','','','','');
INSERT INTO `users` VALUES(4,'viniciusandreatta@hotmail.com','$2a$10$IeBe7O9HoLSp4jYCVdUmLuHG4Ci.lemDWHKQt9FIu7DKNaBsaT1wi','qFf7mJC7EqsT4aunKqPf','2013-09-10 05:29:29.809973','',170,'2014-05-29 00:19:54.783614','2014-05-22 01:05:50.515500','127.0.0.1','127.0.0.1','2013-06-26 02:17:00.397145','2014-05-29 00:19:54.852618','Vinicius Andreatta','12122011394.jpg','image/jpeg',31380,'2013-09-09 04:07:35.519272','','UTFPR','Aluno','Sistemas de informação');
INSERT INTO `users` VALUES(5,'fulano@hotmail.com','$2a$10$Ap7MaGU07YNIF6X1dagbM.mdQPGwvuZnlDFLlF9V.PWE3uBMVg33e','','','',10,'2014-03-15 17:41:19.195469','2014-02-07 02:43:39.369431','127.0.0.1','127.0.0.1','2013-08-28 07:28:52.224565','2014-03-15 17:41:19.197469','Fulano','Koala.jpg','image/jpeg',780831,'2013-08-31 19:47:15.589218','','','','');
INSERT INTO `users` VALUES(6,'hacker@hotmail.com','$2a$10$D.Thl2n5Wvw6NV9p9MwN0eiH.61uK3I6dw9sizeYPS0sPZCthky.2','','','',4,'2013-09-10 03:52:30.993155','2013-08-31 17:07:30.925007','127.0.0.1','127.0.0.1','2013-08-31 15:55:54.738279','2013-09-10 03:52:30.996155','Hacker','','','','','','','','');
INSERT INTO `users` VALUES(7,'ciclano@hotmail.com','$2a$10$CrONTUT2oJn62kNj9x7OqOAshGqCswx0oQOvRZjhB9.LCBxVNuTe2','','','',8,'2013-09-19 05:12:51.010272','2013-09-18 23:32:40.342849','127.0.0.1','127.0.0.1','2013-08-31 20:55:02.153813','2013-09-19 05:12:51.014273','Ciclano','Penguins.jpg','image/jpeg',777835,'2013-08-31 20:56:29.964835','','','','');
INSERT INTO `users` VALUES(8,'marjorie@hotmail.com','$2a$10$I37bR2zodPMeTiTFRNTAG.n3h2ju/8LOt90IE/hRxiXrCeJAzNpii','','','',1,'2013-09-01 20:44:33.168949','2013-09-01 20:44:33.168949','192.168.1.9','192.168.1.9','2013-09-01 20:44:32.982938','2013-09-01 20:44:33.170949','Marjorie','','','','','','','','');
INSERT INTO `users` VALUES(9,'sabim16@gmail.com','$2a$10$xfR1xEca1A82XFS2PTWPluoGqG5LnsvZGycsS2Xs/hOVT4DjKjm92','','','',2,'2013-09-16 21:30:56.022317','2013-09-02 21:26:54.174253','127.0.0.1','127.0.0.1','2013-09-02 21:26:53.927239','2013-09-16 21:30:56.051319','Silvia','','','','','','','','');
INSERT INTO `users` VALUES(14,'jose_pauletto@hotmail.com','$2a$10$n3OYlMqVtE5MqSYABeITdug4FG37uaVF5sNc.IjTVQvls4RwGHIHG','','','',2,'2013-09-19 19:14:32.595874','2013-09-19 19:08:54.753550','192.168.106.67','192.168.106.67','2013-09-19 19:08:54.523537','2013-09-19 19:14:32.599874','José','','','','','','UTFPR','Aluno','Sistemas de Informação');
INSERT INTO `users` VALUES(15,'jbutture@hotmail.com','$2a$10$vPaA1lwzgmYneURZtCr5yOUnXMkOLQQjklBLKI9CraU61.mGAlCoK','','','',1,'2013-09-19 19:09:20.163004','2013-09-19 19:09:20.163004','192.168.106.231','192.168.106.231','2013-09-19 19:09:19.956992','2013-09-19 19:09:20.165004','juarez butture','','','','','','utfpr','Aluno','sistemas de informação');
INSERT INTO `users` VALUES(16,'cfucci_2006@hotmail.com','$2a$10$kXQrcklfdJfdU2nlWOTZPeIPHLXuxtVdjnyBiIbhK/./Kr36fM/tG','','','',1,'2013-09-19 19:09:21.411075','2013-09-19 19:09:21.411075','192.168.106.56','192.168.106.56','2013-09-19 19:09:21.173061','2013-09-19 19:09:21.413075','Christian','','','','','','UTFPR','Aluno','Bacharelado em sistemas de informação');
INSERT INTO `users` VALUES(17,'victormellof@gmail.com','$2a$10$uyvIIfFnbZ/c4yzlGr.nnuGoNfGQ06XUrvm4xfIc/IbaH2qZYoNYu','','','',1,'2013-09-19 19:09:26.177348','2013-09-19 19:09:26.177348','192.168.106.53','192.168.106.53','2013-09-19 19:09:25.987337','2013-09-19 19:09:26.179348','Victor','','','','','','UTFPR','Aluno','BSI');
INSERT INTO `users` VALUES(18,'rrogiski@gmail.com','$2a$10$LFWKrlxW9QsNMJWS4VxQsOUB7SMZL/4j0/.w9Y8jb938offOTH2zW','','','',2,'2013-09-19 19:23:51.719854','2013-09-19 19:09:31.544655','192.168.106.171','192.168.106.171','2013-09-19 19:09:31.425648','2013-09-19 19:23:51.722854','Rosana Rogiski','','','','','','Universidade Tecnológica Federal do Paraná','Aluno','Bacharelado em Sistemas de Informação');
INSERT INTO `users` VALUES(19,'shiotanialyson@gmail.com','$2a$10$MygcOMa978s2UGku6ETbf.ztTxKp7ZwpyrD8pLpKBXXHX4eOhMNpW','','','',2,'2013-09-19 19:24:09.273858','2013-09-19 19:09:34.589829','192.168.106.112','192.168.106.112','2013-09-19 19:09:34.316813','2013-09-19 19:24:09.277858','Alyson N. Shiotani','','','','','','UTFPR','Aluno','Bacharelado em Sistemas de Informação');
INSERT INTO `users` VALUES(20,'gustavonavelar@hotmail.com','$2a$10$RcCeMX68AqbWUiu0TVeZzeLZmnlHPVAF4bI2i6gokezAIBF/K3sQG','','','',1,'2013-09-19 19:09:35.530883','2013-09-19 19:09:35.530883','192.168.106.133','192.168.106.133','2013-09-19 19:09:35.408876','2013-09-19 19:09:35.532883','Gustavo','','','','','','UTFPR','Aluno','Eng. de Computação');
INSERT INTO `users` VALUES(21,'rafagusment@yahoo.com.br','$2a$10$ChXD4n0XJ1NsHrKv//kXleediUqhQepjphSWssqZhvYyghc7yvKXK','','','',1,'2013-09-19 19:09:44.549398','2013-09-19 19:09:44.549398','192.168.106.37','192.168.106.37','2013-09-19 19:09:44.353387','2013-09-19 19:09:44.551399','rafael','','','','','','UTFPR','Aluno','BSI');
INSERT INTO `users` VALUES(22,'yuri_nalin@hotmail.com','$2a$10$dT2YeqGlApForb8erWJr6.ts.5Thl5tdkG6oAwOH3dV17jHXarKji','','','',1,'2013-09-19 19:09:59.191236','2013-09-19 19:09:59.191236','192.168.106.74','192.168.106.74','2013-09-19 19:09:58.997225','2013-09-19 19:09:59.193236','Yuri Nalin','','','','','','UTFPR','Aluno','Engenharia de Computação');
INSERT INTO `users` VALUES(23,'brunoise@gmail.com','$2a$10$/t5hvCBdq6oBpRa3PBNwEOYvnnZzpE66oLxZplp5vPqaH30HLAFqW','','','',1,'2013-09-19 19:10:06.474652','2013-09-19 19:10:06.474652','192.168.106.132','192.168.106.132','2013-09-19 19:10:05.999625','2013-09-19 19:10:06.476653','Ise','Jackie-Chan-WTF-meme-face-70958233396.jpg','image/jpeg',80572,'2013-09-19 19:10:05.991625','','UTFPR','Aluno','BSI');
INSERT INTO `users` VALUES(24,'rafaela.otemaier@gmail.com','$2a$10$xfp3EgUEib7wKzxbfylVSOn8kyTumCHXNMoGLaF4xBqTpK4fH2D3W','','','',1,'2014-05-13 00:39:22.973527','2014-05-13 00:39:22.973527','127.0.0.1','127.0.0.1','2014-05-13 00:39:22.458497','2014-05-13 00:39:22.976527','rafaela','','','','','','Unibrasil','Aluno','BSI');
INSERT INTO `users` VALUES(25,'viniciusandreatta@gmail.com','$2a$10$Offjk3rn.I9Xrc2kIVARQOA7rOXUZc2juENi0129B/jqlFL7cAMDK','','','',4,'2014-05-29 00:23:37.775369','2014-05-22 01:07:35.185487','127.0.0.1','127.0.0.1','2014-05-14 13:15:47.643250','2014-05-29 00:23:37.778369','Professor Vinicius','','','','','','Unibrasil','Professor','BSI');
CREATE TABLE "roles" ("id" INTEGER PRIMARY KEY AUTOINCREMENT NOT NULL, "name" varchar(255), "resource_id" integer, "resource_type" varchar(255), "created_at" datetime NOT NULL, "updated_at" datetime NOT NULL);
INSERT INTO `roles` VALUES(1,'admin','','','2013-06-19 22:44:24.045848','2013-06-19 22:44:24.045848');
INSERT INTO `roles` VALUES(2,'user','','','2013-06-19 22:44:24.440870','2013-06-19 22:44:24.440870');
INSERT INTO `roles` VALUES(3,'VIP','','','2013-06-19 22:44:24.765889','2013-06-19 22:44:24.765889');
CREATE TABLE "projects" ("id" INTEGER PRIMARY KEY AUTOINCREMENT NOT NULL, "name" varchar(255), "goal" text, "user_id" integer, "created_at" datetime NOT NULL, "updated_at" datetime NOT NULL, "project" varchar(255), "video_file_name" varchar(255), "video_content_type" varchar(255), "video_file_size" integer, "video_updated_at" datetime, "TeacherComments" varchar(255));
INSERT INTO `projects` VALUES(58,'bloco notas','MAC',16,'2013-09-19 19:14:36.240082','2013-09-19 19:14:36.240082','','bloconotas.mp4','video/mp4',7547085,'2013-09-19 19:14:36.237082','');
INSERT INTO `projects` VALUES(59,'avaliacaoGustavo','teste.',20,'2013-09-19 19:14:58.724368','2013-09-19 19:14:58.724368','','BlocoNotas.mp4','video/mp4',7547085,'2013-09-19 19:14:58.715368','');
INSERT INTO `projects` VALUES(60,'Avaliação MAC - Rosana','Avaliar o bloco de notas.',18,'2013-09-19 19:15:11.329089','2013-09-19 19:15:11.329089','','bloconotas.mp4','video/mp4',7547085,'2013-09-19 19:15:11.317088','');
INSERT INTO `projects` VALUES(61,'AvaliaçãoAula','Avaliar Bloco de Notas',22,'2013-09-19 19:15:12.971183','2013-09-19 19:15:12.971183','','BlocoNotas.mp4','video/mp4',7547085,'2013-09-19 19:15:12.965183','');
INSERT INTO `projects` VALUES(62,'Avaliação Juarez','Avaliar bloco de notas.',15,'2013-09-19 19:15:15.237313','2013-09-19 19:15:15.237313','','bloconotas.mp4','video/mp4',7547085,'2013-09-19 19:15:15.234312','');
INSERT INTO `projects` VALUES(63,'Avaliação José','Avaliação do bloco de notas',14,'2013-09-19 19:15:40.197740','2013-09-19 19:15:40.197740','','BlocoNotas.mp4','video/mp4',7547085,'2013-09-19 19:15:40.194740','');
INSERT INTO `projects` VALUES(65,'Bloco de Notas','Meta-avaliação',23,'2013-09-19 19:18:55.494911','2013-09-19 19:18:55.494911','','bloconotas.mp4','video/mp4',7547085,'2013-09-19 19:18:55.491911','');
INSERT INTO `projects` VALUES(66,'Bloco de Notas','Meta avaliação',19,'2013-09-19 19:27:26.447135','2013-09-19 19:27:26.447135','','BlocoNotas.mp4','video/mp4',7547085,'2013-09-19 19:27:26.444135','');
INSERT INTO `projects` VALUES(67,'dfars','massagem muscular relaxante',21,'2013-09-19 19:40:34.274197','2013-09-19 19:40:34.274197','','bloconotas.mp4','video/mp4',7547085,'2013-09-19 19:40:34.271196','');
INSERT INTO `projects` VALUES(72,'Avaliação Bloco de Notas','Teste colaboratividade',4,'2013-10-30 00:33:55.295812','2014-05-29 00:23:52.078187','','BlocoNotas.mp4','video/mp4',7547085,'2013-10-30 00:33:55.287811','Nota: 9,0');
CREATE TABLE "schema_migrations" ("version" varchar(255) NOT NULL);
INSERT INTO `schema_migrations` VALUES(20121231211501);
INSERT INTO `schema_migrations` VALUES(20121128000354);
INSERT INTO `schema_migrations` VALUES(20121128000910);
INSERT INTO `schema_migrations` VALUES(20121128000933);
INSERT INTO `schema_migrations` VALUES(20130827150824);
INSERT INTO `schema_migrations` VALUES(20130827154510);
INSERT INTO `schema_migrations` VALUES(20130827162448);
INSERT INTO `schema_migrations` VALUES(20130827183819);
INSERT INTO `schema_migrations` VALUES(20130827191647);
INSERT INTO `schema_migrations` VALUES(20130827195845);
INSERT INTO `schema_migrations` VALUES(20130827211446);
INSERT INTO `schema_migrations` VALUES(20130827213541);
INSERT INTO `schema_migrations` VALUES(20130831173534);
INSERT INTO `schema_migrations` VALUES(20130831184444);
INSERT INTO `schema_migrations` VALUES(20130831184522);
INSERT INTO `schema_migrations` VALUES(20130831190120);
INSERT INTO `schema_migrations` VALUES(20130908135549);
INSERT INTO `schema_migrations` VALUES(20130908143105);
INSERT INTO `schema_migrations` VALUES(20130908143303);
INSERT INTO `schema_migrations` VALUES(20140514172046);
CREATE INDEX "index_projectparticipants_on_user_id_and_project_id" ON "projectparticipants" ("user_id", "project_id");
CREATE INDEX "index_users_roles_on_user_id_and_role_id" ON "users_roles" ("user_id", "role_id");
CREATE UNIQUE INDEX "index_users_on_reset_password_token" ON "users" ("reset_password_token");
CREATE UNIQUE INDEX "index_users_on_email" ON "users" ("email");
CREATE INDEX "index_roles_on_name" ON "roles" ("name");
CREATE INDEX "index_roles_on_name_and_resource_type_and_resource_id" ON "roles" ("name", "resource_type", "resource_id");
CREATE INDEX "index_projects_on_user_id" ON "projects" ("user_id");
CREATE UNIQUE INDEX "unique_schema_migrations" ON "schema_migrations" ("version");
COMMIT;
